{
  "cifar100": {
    "class_names": {
      "test": 0.6087
    },
    "descriptors_10": {
      "test": 0.1983
    },
    "descriptors_20": {
      "test": 0.2034
    },
    "descriptors_30": {
      "test": 0.1926
    },
    "descriptors_40": {
      "test": 0.1919
    },
    "descriptors_50": {
      "test": 0.1946
    },
    "descriptors_cifar_100": {
      "test": 0.2392
    },
    "descriptors_dclip": {
      "test": 0.01
    },
    "descriptors_waffleclip": {
      "test": 0.0069
    },
    "random": {
      "test": 0.2799
    }
  },
  "cub": {
    "class_names": {
      "test": 0.6309975837072834
    },
    "descriptors_10": {
      "test": 0.06403175698998964
    },
    "descriptors_20": {
      "test": 0.0949257852951329
    },
    "descriptors_30": {
      "test": 0.13997238522609595
    },
    "descriptors_40": {
      "test": 0.13703831549879186
    },
    "descriptors_50": {
      "test": 0.14290645495340007
    },
    "descriptors_cub": {
      "test": 0.021574042112530202
    },
    "descriptors_dclip": {
      "test": 0.0051777701070072485
    },
    "descriptors_waffleclip": {
      "test": 0.003969623748705558
    },
    "random": {
      "test": 0.1268553676216776
    }
  },
  "nabirds": {
    "class_names": {
      "test": 0.52864044168392
    },
    "descriptors_10": {
      "test": 0.020338570210692974
    },
    "descriptors_20": {
      "test": 0.039702837656801854
    },
    "descriptors_30": {
      "test": 0.04623878536922015
    },
    "descriptors_40": {
      "test": 0.0353996671132221
    },
    "descriptors_50": {
      "test": 0.04278812974465148
    },
    "descriptors_dclip": {
      "test": 0.0011772825072057808
    },
    "descriptors_nabirds": {
      "test": 0.008525149190110827
    },
    "descriptors_waffleclip": {
      "test": 0.0014614541468761417
    },
    "random": {
      "test": 0.07778183737263021
    }
  }
}