{
  "cifar100": {
    "class_names": {
      "test": 0.42390698194503784
    },
    "descriptors_10": {
      "test": 0.405692994594574
    },
    "descriptors_20": {
      "test": 0.4039279818534851
    },
    "descriptors_30": {
      "test": 0.4023439884185791
    },
    "descriptors_40": {
      "test": 0.40205296874046326
    },
    "descriptors_50": {
      "test": 0.40159398317337036
    },
    "descriptors_cifar_100": {
      "test": 0.41062796115875244
    },
    "descriptors_dclip": {
      "test": 0.38276898860931396
    },
    "descriptors_waffleclip": {
      "test": 0.4144059419631958
    },
    "random": {
      "test": 0.3527929484844208
    }
  },
  "cub": {
    "class_names": {
      "test": 0.524749755859375
    },
    "descriptors_10": {
      "test": 0.5244448781013489
    },
    "descriptors_20": {
      "test": 0.5210793018341064
    },
    "descriptors_30": {
      "test": 0.5207456350326538
    },
    "descriptors_40": {
      "test": 0.5095788836479187
    },
    "descriptors_50": {
      "test": 0.5086929202079773
    },
    "descriptors_cub": {
      "test": 0.5289610624313354
    },
    "descriptors_dclip": {
      "test": 0.5278046131134033
    },
    "descriptors_waffleclip": {
      "test": 0.5338683724403381
    },
    "random": {
      "test": 0.43522611260414124
    }
  },
  "nabirds": {
    "class_names": {
      "test": 0.4457036852836609
    },
    "descriptors_10": {
      "test": 0.44720983505249023
    },
    "descriptors_20": {
      "test": 0.4472106099128723
    },
    "descriptors_30": {
      "test": 0.4472658336162567
    },
    "descriptors_40": {
      "test": 0.4473097026348114
    },
    "descriptors_50": {
      "test": 0.4476352632045746
    },
    "descriptors_dclip": {
      "test": 0.44849181175231934
    },
    "descriptors_nabirds": {
      "test": 0.4466511905193329
    },
    "descriptors_waffleclip": {
      "test": 0.4530247747898102
    },
    "random": {
      "test": 0.3823244571685791
    }
  }
}